kode,nama,satuan,created_at,updated_at
8996059442804,"Beras Premium 5kg",Karung,2026-05-10 06:50:39.000,2026-05-10 06:50:39.000
8993889959359,"Minyak Goreng 1L",Bungkus,2026-05-10 06:50:39.000,2026-05-10 06:50:39.000
8993924559841,"Gula Pasir 1kg",Bungkus,2026-05-10 06:50:39.000,2026-05-10 06:50:39.000
8991911710671,"Tepung Terigu 1kg",Bungkus,2026-05-10 06:50:39.000,2026-05-10 06:50:39.000
8991540655220,"Garam Dapur 250g",Bungkus,2026-05-10 06:50:39.000,2026-05-10 06:50:39.000
8992785628048,"Kecap Manis 520ml",Botol,2026-05-10 06:50:39.000,2026-05-10 06:50:39.000
8997119307910,"Saus Sambal 340ml",Botol,2026-05-10 06:50:39.000,2026-05-10 06:50:39.000
8994114592297,"Susu Kental Manis 370g",Bungkus,2026-05-10 06:50:39.000,2026-05-10 06:50:39.000
8993419638914,"Kopi Hitam 165g",Bungkus,2026-05-10 06:50:39.000,2026-05-10 06:50:39.000
8993272626875,"Teh Celup 25s",Pack,2026-05-10 06:50:39.000,2026-05-10 06:50:39.000
8999315745480,"Indomie Goreng",Bungkus,2026-05-10 06:50:39.000,2026-05-10 06:50:39.000
8996260370088,"Indomie Kuah Ayam Bawang",Bungkus,2026-05-10 06:50:39.000,2026-05-10 06:50:39.000
8996014593497,"Bumbu Racik Nasi Goreng",Bungkus,2026-05-10 06:50:39.000,2026-05-10 06:50:39.000
8994590110336,"Kaldu Sapi 100g",Bungkus,2026-05-10 06:50:39.000,2026-05-10 06:50:39.000
8991478376044,"Margarin 200g",Bungkus,2026-05-10 06:50:39.000,2026-05-10 06:50:39.000
8994174513034,"Keju Cheddar 165g",Bungkus,2026-05-10 06:50:39.000,2026-05-10 06:50:39.000
8993758871119,"Roti Tawar",Pcs,2026-05-10 06:50:39.000,2026-05-10 06:50:39.000
8997418266338,"Selai Kacang 250g",Bungkus,2026-05-10 06:50:39.000,2026-05-10 06:50:39.000
8995326197294,"Madu Murni 350ml",Botol,2026-05-10 06:50:39.000,2026-05-10 06:50:39.000
8996173537615,"Sarden Pedas 425g",Bungkus,2026-05-10 06:50:39.000,2026-05-10 06:50:39.000
8992257775478,"Kornet Sapi 340g",Bungkus,2026-05-10 06:50:39.000,2026-05-10 06:50:39.000
8993870532554,"Mie Telur 200g",Bungkus,2026-05-10 06:50:39.000,2026-05-10 06:50:39.000
8993291882771,"Bihun Jagung 320g",Bungkus,2026-05-10 06:50:39.000,2026-05-10 06:50:39.000
8990800305264,"Kecap Asin 150ml",Botol,2026-05-10 06:50:39.000,2026-05-10 06:50:39.000
8998244111885,"Saus Tiram 270ml",Botol,2026-05-10 06:50:39.000,2026-05-10 06:50:39.000
8991105867020,"Minyak Wijen 115ml",Botol,2026-05-10 06:50:39.000,2026-05-10 06:50:39.000
8992937168484,"Lada Bubuk 50g",Bungkus,2026-05-10 06:50:39.000,2026-05-10 06:50:39.000
8996524942952,"Ketumbar Bubuk 50g",Bungkus,2026-05-10 06:50:39.000,2026-05-10 06:50:39.000
8991546056113,"Kunyit Bubuk 50g",Bungkus,2026-05-10 06:50:39.000,2026-05-10 06:50:39.000
8998095625807,"Jahe Bubuk 50g",Bungkus,2026-05-10 06:50:39.000,2026-05-10 06:50:39.000
8992741603317,"Bawang Putih Bubuk 50g",Bungkus,2026-05-10 06:50:39.000,2026-05-10 06:50:39.000
8993719670522,"Bawang Merah Goreng 100g",Bungkus,2026-05-10 06:50:39.000,2026-05-10 06:50:39.000
8999384401829,"Kerupuk Udang 250g",Bungkus,2026-05-10 06:50:39.000,2026-05-10 06:50:39.000
8994928222700,"Emping Melinjo 200g",Bungkus,2026-05-10 06:50:39.000,2026-05-10 06:50:39.000
8995592255896,"Kacang Tanah 500g",Bungkus,2026-05-10 06:50:39.000,2026-05-10 06:50:39.000
8990774862145,"Kacang Hijau 500g",Bungkus,2026-05-10 06:50:39.000,2026-05-10 06:50:39.000
8996402707109,"Kacang Kedelai 500g",Bungkus,2026-05-10 06:50:39.000,2026-05-10 06:50:39.000
8992400234333,"Beras Merah 1kg",Karung,2026-05-10 06:50:39.000,2026-05-10 06:50:39.000
8998966043389,"Beras Ketan 1kg",Karung,2026-05-10 06:50:39.000,2026-05-10 06:50:39.000
8994947317616,"Gula Merah 500g",Bungkus,2026-05-10 06:50:39.000,2026-05-10 06:50:39.000
8997293873140,"Santang Cair 200ml",Bungkus,2026-05-10 06:50:39.000,2026-05-10 06:50:39.000
8997081769372,"Sirup Cocopandan 460ml",Botol,2026-05-10 06:50:39.000,2026-05-10 06:50:39.000
8998580787027,"Air Mineral 600ml",Botol,2026-05-10 06:50:39.000,2026-05-10 06:50:39.000
8993740551876,"Minuman Isotonik 500ml",Botol,2026-05-10 06:50:39.000,2026-05-10 06:50:39.000
8995419824670,"Teh Botol 350ml",Botol,2026-05-10 06:50:39.000,2026-05-10 06:50:39.000
8997462010178,"Kopi Susu Botol 250ml",Botol,2026-05-10 06:50:39.000,2026-05-10 06:50:39.000
8996537235980,"Jus Jeruk 1L",Botol,2026-05-10 06:50:39.000,2026-05-10 06:50:39.000
8993528910147,"Susu UHT Full Cream 1L",Botol,2026-05-10 06:50:39.000,2026-05-10 06:50:39.000
8995537958189,"Susu UHT Coklat 1L",Botol,2026-05-10 06:50:39.000,2026-05-10 06:50:39.000
8993685681645,"Yogurt Drink 250ml",Bungkus,2026-05-10 06:50:39.000,2026-05-10 06:50:39.000
8999213661103,"Beras Premium 5kg V1",Karung,2026-05-10 06:50:39.000,2026-05-10 06:50:39.000
8990217897338,"Minyak Goreng 1L V1",Bungkus,2026-05-10 06:50:39.000,2026-05-10 06:50:39.000
8991070821935,"Gula Pasir 1kg V1",Bungkus,2026-05-10 06:50:39.000,2026-05-10 06:50:39.000
8998868158099,"Tepung Terigu 1kg V1",Bungkus,2026-05-10 06:50:39.000,2026-05-10 06:50:39.000
8993473904833,"Garam Dapur 250g V1",Bungkus,2026-05-10 06:50:39.000,2026-05-10 06:50:39.000
8995080184752,"Kecap Manis 520ml V1",Botol,2026-05-10 06:50:39.000,2026-05-10 06:50:39.000
8999767222515,"Saus Sambal 340ml V1",Botol,2026-05-10 06:50:39.000,2026-05-10 06:50:39.000
8992223206845,"Susu Kental Manis 370g V1",Bungkus,2026-05-10 06:50:39.000,2026-05-10 06:50:39.000
8998756881481,"Kopi Hitam 165g V1",Bungkus,2026-05-10 06:50:39.000,2026-05-10 06:50:39.000
8998011466699,"Teh Celup 25s V1",Pack,2026-05-10 06:50:39.000,2026-05-10 06:50:39.000
8993218744755,"Indomie Goreng V1",Bungkus,2026-05-10 06:50:39.000,2026-05-10 06:50:39.000
8995821124184,"Indomie Kuah Ayam Bawang V1",Bungkus,2026-05-10 06:50:39.000,2026-05-10 06:50:39.000
8998184603228,"Bumbu Racik Nasi Goreng V1",Bungkus,2026-05-10 06:50:39.000,2026-05-10 06:50:39.000
8999773588681,"Kaldu Sapi 100g V1",Bungkus,2026-05-10 06:50:39.000,2026-05-10 06:50:39.000
8995993614131,"Margarin 200g V1",Bungkus,2026-05-10 06:50:39.000,2026-05-10 06:50:39.000
8992618506260,"Keju Cheddar 165g V1",Bungkus,2026-05-10 06:50:39.000,2026-05-10 06:50:39.000
8999372282874,"Roti Tawar V1",Pcs,2026-05-10 06:50:39.000,2026-05-10 06:50:39.000
8992229529535,"Selai Kacang 250g V1",Bungkus,2026-05-10 06:50:39.000,2026-05-10 06:50:39.000
8995237474880,"Madu Murni 350ml V1",Botol,2026-05-10 06:50:39.000,2026-05-10 06:50:39.000
8991856041984,"Sarden Pedas 425g V1",Bungkus,2026-05-10 06:50:39.000,2026-05-10 06:50:39.000
8995104793434,"Kornet Sapi 340g V1",Bungkus,2026-05-10 06:50:39.000,2026-05-10 06:50:39.000
8994984407462,"Mie Telur 200g V1",Bungkus,2026-05-10 06:50:39.000,2026-05-10 06:50:39.000
8998451028488,"Bihun Jagung 320g V1",Bungkus,2026-05-10 06:50:39.000,2026-05-10 06:50:39.000
8995195505879,"Kecap Asin 150ml V1",Botol,2026-05-10 06:50:39.000,2026-05-10 06:50:39.000
8991729229280,"Saus Tiram 270ml V1",Botol,2026-05-10 06:50:39.000,2026-05-10 06:50:39.000
8997371758840,"Minyak Wijen 115ml V1",Botol,2026-05-10 06:50:39.000,2026-05-10 06:50:39.000
8992794281708,"Lada Bubuk 50g V1",Bungkus,2026-05-10 06:50:39.000,2026-05-10 06:50:39.000
8999235307867,"Ketumbar Bubuk 50g V1",Bungkus,2026-05-10 06:50:39.000,2026-05-10 06:50:39.000
8992529675659,"Kunyit Bubuk 50g V1",Bungkus,2026-05-10 06:50:39.000,2026-05-10 06:50:39.000
8993111958150,"Jahe Bubuk 50g V1",Bungkus,2026-05-10 06:50:39.000,2026-05-10 06:50:39.000
8995178063617,"Bawang Putih Bubuk 50g V1",Bungkus,2026-05-10 06:50:39.000,2026-05-10 06:50:39.000
8994007577288,"Bawang Merah Goreng 100g V1",Bungkus,2026-05-10 06:50:39.000,2026-05-10 06:50:39.000
8999845678043,"Kerupuk Udang 250g V1",Bungkus,2026-05-10 06:50:39.000,2026-05-10 06:50:39.000
8991876050973,"Emping Melinjo 200g V1",Bungkus,2026-05-10 06:50:39.000,2026-05-10 06:50:39.000
8991641885717,"Kacang Tanah 500g V1",Bungkus,2026-05-10 06:50:39.000,2026-05-10 06:50:39.000
8997982888226,"Kacang Hijau 500g V1",Bungkus,2026-05-10 06:50:39.000,2026-05-10 06:50:39.000
8992776926078,"Kacang Kedelai 500g V1",Bungkus,2026-05-10 06:50:39.000,2026-05-10 06:50:39.000
8990793022360,"Beras Merah 1kg V1",Karung,2026-05-10 06:50:39.000,2026-05-10 06:50:39.000
8993334282124,"Beras Ketan 1kg V1",Karung,2026-05-10 06:50:39.000,2026-05-10 06:50:39.000
8996604001630,"Gula Merah 500g V1",Bungkus,2026-05-10 06:50:39.000,2026-05-10 06:50:39.000
8993008084580,"Santang Cair 200ml V1",Bungkus,2026-05-10 06:50:39.000,2026-05-10 06:50:39.000
8991336729241,"Sirup Cocopandan 460ml V1",Botol,2026-05-10 06:50:39.000,2026-05-10 06:50:39.000
8993510729610,"Air Mineral 600ml V1",Botol,2026-05-10 06:50:39.000,2026-05-10 06:50:39.000
8999138620735,"Minuman Isotonik 500ml V1",Botol,2026-05-10 06:50:39.000,2026-05-10 06:50:39.000
8990181649360,"Teh Botol 350ml V1",Botol,2026-05-10 06:50:39.000,2026-05-10 06:50:39.000
8999397629791,"Kopi Susu Botol 250ml V1",Botol,2026-05-10 06:50:39.000,2026-05-10 06:50:39.000
8996813668907,"Jus Jeruk 1L V1",Botol,2026-05-10 06:50:39.000,2026-05-10 06:50:39.000
8993229615686,"Susu UHT Full Cream 1L V1",Botol,2026-05-10 06:50:39.000,2026-05-10 06:50:39.000
8991242365694,"Susu UHT Coklat 1L V1",Botol,2026-05-10 06:50:39.000,2026-05-10 06:50:39.000
8991012467634,"Yogurt Drink 250ml V1",Bungkus,2026-05-10 06:50:39.000,2026-05-10 06:50:39.000
8995092148971,"Beras Premium 5kg V2",Karung,2026-05-10 06:50:39.000,2026-05-10 06:50:39.000
8997113229911,"Minyak Goreng 1L V2",Bungkus,2026-05-10 06:50:39.000,2026-05-10 06:50:39.000
8993564804431,"Gula Pasir 1kg V2",Bungkus,2026-05-10 06:50:39.000,2026-05-10 06:50:39.000
8996356387587,"Tepung Terigu 1kg V2",Bungkus,2026-05-10 06:50:39.000,2026-05-10 06:50:39.000
8998190755911,"Garam Dapur 250g V2",Bungkus,2026-05-10 06:50:39.000,2026-05-10 06:50:39.000
8995803777407,"Kecap Manis 520ml V2",Botol,2026-05-10 06:50:39.000,2026-05-10 06:50:39.000
8991532055625,"Saus Sambal 340ml V2",Botol,2026-05-10 06:50:39.000,2026-05-10 06:50:39.000
8996784151088,"Susu Kental Manis 370g V2",Bungkus,2026-05-10 06:50:39.000,2026-05-10 06:50:39.000
8992557254604,"Kopi Hitam 165g V2",Bungkus,2026-05-10 06:50:39.000,2026-05-10 06:50:39.000
8991759748881,"Teh Celup 25s V2",Pack,2026-05-10 06:50:39.000,2026-05-10 06:50:39.000
8991493550641,"Indomie Goreng V2",Bungkus,2026-05-10 06:50:39.000,2026-05-10 06:50:39.000
8991350790036,"Indomie Kuah Ayam Bawang V2",Bungkus,2026-05-10 06:50:39.000,2026-05-10 06:50:39.000
8992603784413,"Bumbu Racik Nasi Goreng V2",Bungkus,2026-05-10 06:50:39.000,2026-05-10 06:50:39.000
8995862598807,"Kaldu Sapi 100g V2",Bungkus,2026-05-10 06:50:39.000,2026-05-10 06:50:39.000
8991003608480,"Margarin 200g V2",Bungkus,2026-05-10 06:50:39.000,2026-05-10 06:50:39.000
8990460882020,"Keju Cheddar 165g V2",Bungkus,2026-05-10 06:50:39.000,2026-05-10 06:50:39.000
8998594328087,"Roti Tawar V2",Pcs,2026-05-10 06:50:39.000,2026-05-10 06:50:39.000
8996909784344,"Selai Kacang 250g V2",Bungkus,2026-05-10 06:50:39.000,2026-05-10 06:50:39.000
8994130155759,"Madu Murni 350ml V2",Botol,2026-05-10 06:50:39.000,2026-05-10 06:50:39.000
8999628345834,"Sarden Pedas 425g V2",Bungkus,2026-05-10 06:50:39.000,2026-05-10 06:50:39.000
8997889357559,"Kornet Sapi 340g V2",Bungkus,2026-05-10 06:50:39.000,2026-05-10 06:50:39.000
8991209286192,"Mie Telur 200g V2",Bungkus,2026-05-10 06:50:39.000,2026-05-10 06:50:39.000
8994423649811,"Bihun Jagung 320g V2",Bungkus,2026-05-10 06:50:39.000,2026-05-10 06:50:39.000
8990364877641,"Kecap Asin 150ml V2",Botol,2026-05-10 06:50:39.000,2026-05-10 06:50:39.000
8996919276570,"Saus Tiram 270ml V2",Botol,2026-05-10 06:50:39.000,2026-05-10 06:50:39.000
8994638747586,"Minyak Wijen 115ml V2",Botol,2026-05-10 06:50:39.000,2026-05-10 06:50:39.000
8997216324087,"Lada Bubuk 50g V2",Bungkus,2026-05-10 06:50:39.000,2026-05-10 06:50:39.000
8996363075668,"Ketumbar Bubuk 50g V2",Bungkus,2026-05-10 06:50:39.000,2026-05-10 06:50:39.000
8993724994965,"Kunyit Bubuk 50g V2",Bungkus,2026-05-10 06:50:39.000,2026-05-10 06:50:39.000
8990157451737,"Jahe Bubuk 50g V2",Bungkus,2026-05-10 06:50:39.000,2026-05-10 06:50:39.000
8996290296594,"Bawang Putih Bubuk 50g V2",Bungkus,2026-05-10 06:50:39.000,2026-05-10 06:50:39.000
8992610161610,"Bawang Merah Goreng 100g V2",Bungkus,2026-05-10 06:50:39.000,2026-05-10 06:50:39.000
8992216445756,"Kerupuk Udang 250g V2",Bungkus,2026-05-10 06:50:39.000,2026-05-10 06:50:39.000
8992553727256,"Emping Melinjo 200g V2",Bungkus,2026-05-10 06:50:39.000,2026-05-10 06:50:39.000
8990866966706,"Kacang Tanah 500g V2",Bungkus,2026-05-10 06:50:39.000,2026-05-10 06:50:39.000
8997531127691,"Kacang Hijau 500g V2",Bungkus,2026-05-10 06:50:39.000,2026-05-10 06:50:39.000
8995047412423,"Kacang Kedelai 500g V2",Bungkus,2026-05-10 06:50:39.000,2026-05-10 06:50:39.000
8994747234359,"Beras Merah 1kg V2",Karung,2026-05-10 06:50:39.000,2026-05-10 06:50:39.000
8997653209046,"Beras Ketan 1kg V2",Karung,2026-05-10 06:50:39.000,2026-05-10 06:50:39.000
8996056336120,"Gula Merah 500g V2",Bungkus,2026-05-10 06:50:39.000,2026-05-10 06:50:39.000
8996656552715,"Santang Cair 200ml V2",Bungkus,2026-05-10 06:50:39.000,2026-05-10 06:50:39.000
8992982886296,"Sirup Cocopandan 460ml V2",Botol,2026-05-10 06:50:39.000,2026-05-10 06:50:39.000
8993962281476,"Air Mineral 600ml V2",Botol,2026-05-10 06:50:39.000,2026-05-10 06:50:39.000
8997247989996,"Minuman Isotonik 500ml V2",Botol,2026-05-10 06:50:39.000,2026-05-10 06:50:39.000
8990031217732,"Teh Botol 350ml V2",Botol,2026-05-10 06:50:39.000,2026-05-10 06:50:39.000
8992960535239,"Kopi Susu Botol 250ml V2",Botol,2026-05-10 06:50:39.000,2026-05-10 06:50:39.000
8997080983243,"Jus Jeruk 1L V2",Botol,2026-05-10 06:50:39.000,2026-05-10 06:50:39.000
8990411479521,"Susu UHT Full Cream 1L V2",Botol,2026-05-10 06:50:39.000,2026-05-10 06:50:39.000
8997410740966,"Susu UHT Coklat 1L V2",Botol,2026-05-10 06:50:39.000,2026-05-10 06:50:39.000
8996902602362,"Yogurt Drink 250ml V2",Bungkus,2026-05-10 06:50:39.000,2026-05-10 06:50:39.000
8996641571127,"Beras Premium 5kg V3",Karung,2026-05-10 06:50:39.000,2026-05-10 06:50:39.000
8996367764124,"Minyak Goreng 1L V3",Bungkus,2026-05-10 06:50:39.000,2026-05-10 06:50:39.000
8994150821108,"Gula Pasir 1kg V3",Bungkus,2026-05-10 06:50:39.000,2026-05-10 06:50:39.000
8991064456549,"Tepung Terigu 1kg V3",Bungkus,2026-05-10 06:50:39.000,2026-05-10 06:50:39.000
8991973457774,"Garam Dapur 250g V3",Bungkus,2026-05-10 06:50:39.000,2026-05-10 06:50:39.000
8996840999074,"Kecap Manis 520ml V3",Botol,2026-05-10 06:50:39.000,2026-05-10 06:50:39.000
8993848867152,"Saus Sambal 340ml V3",Botol,2026-05-10 06:50:39.000,2026-05-10 06:50:39.000
8998930591120,"Susu Kental Manis 370g V3",Bungkus,2026-05-10 06:50:39.000,2026-05-10 06:50:39.000
8996247573624,"Kopi Hitam 165g V3",Bungkus,2026-05-10 06:50:39.000,2026-05-10 06:50:39.000
8996224163299,"Teh Celup 25s V3",Pack,2026-05-10 06:50:39.000,2026-05-10 06:50:39.000
8995287200323,"Indomie Goreng V3",Bungkus,2026-05-10 06:50:39.000,2026-05-10 06:50:39.000
8995569766349,"Indomie Kuah Ayam Bawang V3",Bungkus,2026-05-10 06:50:39.000,2026-05-10 06:50:39.000
8997026613142,"Bumbu Racik Nasi Goreng V3",Bungkus,2026-05-10 06:50:39.000,2026-05-10 06:50:39.000
8990385367459,"Kaldu Sapi 100g V3",Bungkus,2026-05-10 06:50:39.000,2026-05-10 06:50:39.000
8992652508992,"Margarin 200g V3",Bungkus,2026-05-10 06:50:39.000,2026-05-10 06:50:39.000
8995223882569,"Keju Cheddar 165g V3",Bungkus,2026-05-10 06:50:39.000,2026-05-10 06:50:39.000
8992100025354,"Roti Tawar V3",Pcs,2026-05-10 06:50:39.000,2026-05-10 06:50:39.000
8996485060030,"Selai Kacang 250g V3",Bungkus,2026-05-10 06:50:39.000,2026-05-10 06:50:39.000
8996261696927,"Madu Murni 350ml V3",Botol,2026-05-10 06:50:39.000,2026-05-10 06:50:39.000
8990920323049,"Sarden Pedas 425g V3",Bungkus,2026-05-10 06:50:39.000,2026-05-10 06:50:39.000
8995687192365,"Kornet Sapi 340g V3",Bungkus,2026-05-10 06:50:39.000,2026-05-10 06:50:39.000
8991527435401,"Mie Telur 200g V3",Bungkus,2026-05-10 06:50:39.000,2026-05-10 06:50:39.000
8990079732136,"Bihun Jagung 320g V3",Bungkus,2026-05-10 06:50:39.000,2026-05-10 06:50:39.000
8998049664883,"Kecap Asin 150ml V3",Botol,2026-05-10 06:50:39.000,2026-05-10 06:50:39.000
8991749268849,"Saus Tiram 270ml V3",Botol,2026-05-10 06:50:39.000,2026-05-10 06:50:39.000
8994082752952,"Minyak Wijen 115ml V3",Botol,2026-05-10 06:50:39.000,2026-05-10 06:50:39.000
8997825074854,"Lada Bubuk 50g V3",Bungkus,2026-05-10 06:50:39.000,2026-05-10 06:50:39.000
8992242154325,"Ketumbar Bubuk 50g V3",Bungkus,2026-05-10 06:50:39.000,2026-05-10 06:50:39.000
8993366970884,"Kunyit Bubuk 50g V3",Bungkus,2026-05-10 06:50:39.000,2026-05-10 06:50:39.000
8991141662009,"Jahe Bubuk 50g V3",Bungkus,2026-05-10 06:50:39.000,2026-05-10 06:50:39.000
8997930185513,"Bawang Putih Bubuk 50g V3",Bungkus,2026-05-10 06:50:39.000,2026-05-10 06:50:39.000
8994948606221,"Bawang Merah Goreng 100g V3",Bungkus,2026-05-10 06:50:39.000,2026-05-10 06:50:39.000
8995821626084,"Kerupuk Udang 250g V3",Bungkus,2026-05-10 06:50:39.000,2026-05-10 06:50:39.000
8990376731337,"Emping Melinjo 200g V3",Bungkus,2026-05-10 06:50:39.000,2026-05-10 06:50:39.000
8990001114177,"Kacang Tanah 500g V3",Bungkus,2026-05-10 06:50:39.000,2026-05-10 06:50:39.000
8997318392564,"Kacang Hijau 500g V3",Bungkus,2026-05-10 06:50:39.000,2026-05-10 06:50:39.000
8994053199502,"Kacang Kedelai 500g V3",Bungkus,2026-05-10 06:50:39.000,2026-05-10 06:50:39.000
8997757885078,"Beras Merah 1kg V3",Karung,2026-05-10 06:50:39.000,2026-05-10 06:50:39.000
8996310380173,"Beras Ketan 1kg V3",Karung,2026-05-10 06:50:39.000,2026-05-10 06:50:39.000
8999160176781,"Gula Merah 500g V3",Bungkus,2026-05-10 06:50:39.000,2026-05-10 06:50:39.000
8996873912699,"Santang Cair 200ml V3",Bungkus,2026-05-10 06:50:39.000,2026-05-10 06:50:39.000
8991260604713,"Sirup Cocopandan 460ml V3",Botol,2026-05-10 06:50:39.000,2026-05-10 06:50:39.000
8994465307922,"Air Mineral 600ml V3",Botol,2026-05-10 06:50:39.000,2026-05-10 06:50:39.000
8994349499026,"Minuman Isotonik 500ml V3",Botol,2026-05-10 06:50:39.000,2026-05-10 06:50:39.000
8995452452199,"Teh Botol 350ml V3",Botol,2026-05-10 06:50:39.000,2026-05-10 06:50:39.000
8990055956778,"Kopi Susu Botol 250ml V3",Botol,2026-05-10 06:50:39.000,2026-05-10 06:50:39.000
8999342546166,"Jus Jeruk 1L V3",Botol,2026-05-10 06:50:39.000,2026-05-10 06:50:39.000
8997140135803,"Susu UHT Full Cream 1L V3",Botol,2026-05-10 06:50:39.000,2026-05-10 06:50:39.000
8999919656069,"Susu UHT Coklat 1L V3",Botol,2026-05-10 06:50:39.000,2026-05-10 06:50:39.000
8994932476946,"Yogurt Drink 250ml V3",Bungkus,2026-05-10 06:50:39.000,2026-05-10 06:50:39.000
8996905384838,"Beras Premium 5kg V4",Karung,2026-05-10 06:50:39.000,2026-05-10 06:50:39.000
8990017470250,"Minyak Goreng 1L V4",Bungkus,2026-05-10 06:50:39.000,2026-05-10 06:50:39.000
8998134075617,"Gula Pasir 1kg V4",Bungkus,2026-05-10 06:50:39.000,2026-05-10 06:50:39.000
8992465308888,"Tepung Terigu 1kg V4",Bungkus,2026-05-10 06:50:39.000,2026-05-10 06:50:39.000
8994480159223,"Garam Dapur 250g V4",Bungkus,2026-05-10 06:50:39.000,2026-05-10 06:50:39.000
8990468236696,"Kecap Manis 520ml V4",Botol,2026-05-10 06:50:39.000,2026-05-10 06:50:39.000
8993163889686,"Saus Sambal 340ml V4",Botol,2026-05-10 06:50:39.000,2026-05-10 06:50:39.000
8999407748627,"Susu Kental Manis 370g V4",Bungkus,2026-05-10 06:50:39.000,2026-05-10 06:50:39.000
8995106884383,"Kopi Hitam 165g V4",Bungkus,2026-05-10 06:50:39.000,2026-05-10 06:50:39.000
8994640877653,"Teh Celup 25s V4",Pack,2026-05-10 06:50:39.000,2026-05-10 06:50:39.000
8998525874393,"Indomie Goreng V4",Bungkus,2026-05-10 06:50:39.000,2026-05-10 06:50:39.000
8993958501960,"Indomie Kuah Ayam Bawang V4",Bungkus,2026-05-10 06:50:39.000,2026-05-10 06:50:39.000
8999116606829,"Bumbu Racik Nasi Goreng V4",Bungkus,2026-05-10 06:50:39.000,2026-05-10 06:50:39.000
8993846262591,"Kaldu Sapi 100g V4",Bungkus,2026-05-10 06:50:39.000,2026-05-10 06:50:39.000
8999787128026,"Margarin 200g V4",Bungkus,2026-05-10 06:50:39.000,2026-05-10 06:50:39.000
8993719161327,"Keju Cheddar 165g V4",Bungkus,2026-05-10 06:50:39.000,2026-05-10 06:50:39.000
8995114656781,"Roti Tawar V4",Pcs,2026-05-10 06:50:39.000,2026-05-10 06:50:39.000
8994724470183,"Selai Kacang 250g V4",Bungkus,2026-05-10 06:50:39.000,2026-05-10 06:50:39.000
8998819405449,"Madu Murni 350ml V4",Botol,2026-05-10 06:50:39.000,2026-05-10 06:50:39.000
8991157887922,"Sarden Pedas 425g V4",Bungkus,2026-05-10 06:50:39.000,2026-05-10 06:50:39.000
8995929926284,"Kornet Sapi 340g V4",Bungkus,2026-05-10 06:50:39.000,2026-05-10 06:50:39.000
8992374502315,"Mie Telur 200g V4",Bungkus,2026-05-10 06:50:39.000,2026-05-10 06:50:39.000
8990108118757,"Bihun Jagung 320g V4",Bungkus,2026-05-10 06:50:39.000,2026-05-10 06:50:39.000
8999294693017,"Kecap Asin 150ml V4",Botol,2026-05-10 06:50:39.000,2026-05-10 06:50:39.000
8990246156673,"Saus Tiram 270ml V4",Botol,2026-05-10 06:50:39.000,2026-05-10 06:50:39.000
8990138161952,"Minyak Wijen 115ml V4",Botol,2026-05-10 06:50:39.000,2026-05-10 06:50:39.000
8991569253780,"Lada Bubuk 50g V4",Bungkus,2026-05-10 06:50:39.000,2026-05-10 06:50:39.000
8993528835556,"Ketumbar Bubuk 50g V4",Bungkus,2026-05-10 06:50:39.000,2026-05-10 06:50:39.000
8994703050467,"Kunyit Bubuk 50g V4",Bungkus,2026-05-10 06:50:39.000,2026-05-10 06:50:39.000
8990218502606,"Jahe Bubuk 50g V4",Bungkus,2026-05-10 06:50:39.000,2026-05-10 06:50:39.000
8997167262070,"Bawang Putih Bubuk 50g V4",Bungkus,2026-05-10 06:50:39.000,2026-05-10 06:50:39.000
8995443111418,"Bawang Merah Goreng 100g V4",Bungkus,2026-05-10 06:50:39.000,2026-05-10 06:50:39.000
8998085947148,"Kerupuk Udang 250g V4",Bungkus,2026-05-10 06:50:39.000,2026-05-10 06:50:39.000
8999630580605,"Emping Melinjo 200g V4",Bungkus,2026-05-10 06:50:39.000,2026-05-10 06:50:39.000
8999882835348,"Kacang Tanah 500g V4",Bungkus,2026-05-10 06:50:39.000,2026-05-10 06:50:39.000
8999924131414,"Kacang Hijau 500g V4",Bungkus,2026-05-10 06:50:39.000,2026-05-10 06:50:39.000
8994017321222,"Kacang Kedelai 500g V4",Bungkus,2026-05-10 06:50:39.000,2026-05-10 06:50:39.000
8999950844265,"Beras Merah 1kg V4",Karung,2026-05-10 06:50:39.000,2026-05-10 06:50:39.000
8992663985119,"Beras Ketan 1kg V4",Karung,2026-05-10 06:50:39.000,2026-05-10 06:50:39.000
8992067428502,"Gula Merah 500g V4",Bungkus,2026-05-10 06:50:39.000,2026-05-10 06:50:39.000
8999776547135,"Santang Cair 200ml V4",Bungkus,2026-05-10 06:50:39.000,2026-05-10 06:50:39.000
8995517771333,"Sirup Cocopandan 460ml V4",Botol,2026-05-10 06:50:39.000,2026-05-10 06:50:39.000
8998868811994,"Air Mineral 600ml V4",Botol,2026-05-10 06:50:39.000,2026-05-10 06:50:39.000
8999194594520,"Minuman Isotonik 500ml V4",Botol,2026-05-10 06:50:39.000,2026-05-10 06:50:39.000
8993951027351,"Teh Botol 350ml V4",Botol,2026-05-10 06:50:39.000,2026-05-10 06:50:39.000
8993726716411,"Kopi Susu Botol 250ml V4",Botol,2026-05-10 06:50:39.000,2026-05-10 06:50:39.000
8998884148517,"Jus Jeruk 1L V4",Botol,2026-05-10 06:50:39.000,2026-05-10 06:50:39.000
8998593267509,"Susu UHT Full Cream 1L V4",Botol,2026-05-10 06:50:39.000,2026-05-10 06:50:39.000
8996284236773,"Susu UHT Coklat 1L V4",Botol,2026-05-10 06:50:39.000,2026-05-10 06:50:39.000
8991997496612,"Yogurt Drink 250ml V4",Bungkus,2026-05-10 06:50:39.000,2026-05-10 06:50:39.000
8992329766434,"Beras Premium 5kg V5",Karung,2026-05-10 06:50:39.000,2026-05-10 06:50:39.000
8991213155149,"Minyak Goreng 1L V5",Bungkus,2026-05-10 06:50:39.000,2026-05-10 06:50:39.000
8997046657881,"Gula Pasir 1kg V5",Bungkus,2026-05-10 06:50:39.000,2026-05-10 06:50:39.000
8990638112782,"Tepung Terigu 1kg V5",Bungkus,2026-05-10 06:50:39.000,2026-05-10 06:50:39.000
8997349477988,"Garam Dapur 250g V5",Bungkus,2026-05-10 06:50:39.000,2026-05-10 06:50:39.000
8996318852719,"Kecap Manis 520ml V5",Botol,2026-05-10 06:50:39.000,2026-05-10 06:50:39.000
8996796783789,"Saus Sambal 340ml V5",Botol,2026-05-10 06:50:39.000,2026-05-10 06:50:39.000
8999436096072,"Susu Kental Manis 370g V5",Bungkus,2026-05-10 06:50:39.000,2026-05-10 06:50:39.000
8996130019253,"Kopi Hitam 165g V5",Bungkus,2026-05-10 06:50:39.000,2026-05-10 06:50:39.000
8997057791727,"Teh Celup 25s V5",Pack,2026-05-10 06:50:39.000,2026-05-10 06:50:39.000
8996236698260,"Indomie Goreng V5",Bungkus,2026-05-10 06:50:39.000,2026-05-10 06:50:39.000
8997686523843,"Indomie Kuah Ayam Bawang V5",Bungkus,2026-05-10 06:50:39.000,2026-05-10 06:50:39.000
8997486350922,"Bumbu Racik Nasi Goreng V5",Bungkus,2026-05-10 06:50:39.000,2026-05-10 06:50:39.000
8997239746125,"Kaldu Sapi 100g V5",Bungkus,2026-05-10 06:50:39.000,2026-05-10 06:50:39.000
8993963318263,"Margarin 200g V5",Bungkus,2026-05-10 06:50:39.000,2026-05-10 06:50:39.000
8995364914204,"Keju Cheddar 165g V5",Bungkus,2026-05-10 06:50:39.000,2026-05-10 06:50:39.000
8997485007865,"Roti Tawar V5",Pcs,2026-05-10 06:50:39.000,2026-05-10 06:50:39.000
8995572833847,"Selai Kacang 250g V5",Bungkus,2026-05-10 06:50:39.000,2026-05-10 06:50:39.000
8997326496209,"Madu Murni 350ml V5",Botol,2026-05-10 06:50:39.000,2026-05-10 06:50:39.000
8999070660677,"Sarden Pedas 425g V5",Bungkus,2026-05-10 06:50:39.000,2026-05-10 06:50:39.000
8993111771063,"Kornet Sapi 340g V5",Bungkus,2026-05-10 06:50:39.000,2026-05-10 06:50:39.000
8994606399052,"Mie Telur 200g V5",Bungkus,2026-05-10 06:50:39.000,2026-05-10 06:50:39.000
8993790178016,"Bihun Jagung 320g V5",Bungkus,2026-05-10 06:50:39.000,2026-05-10 06:50:39.000
8997001918873,"Kecap Asin 150ml V5",Botol,2026-05-10 06:50:39.000,2026-05-10 06:50:39.000
8994391130823,"Saus Tiram 270ml V5",Botol,2026-05-10 06:50:39.000,2026-05-10 06:50:39.000
8999239775983,"Minyak Wijen 115ml V5",Botol,2026-05-10 06:50:39.000,2026-05-10 06:50:39.000
8992394680154,"Lada Bubuk 50g V5",Bungkus,2026-05-10 06:50:39.000,2026-05-10 06:50:39.000
8997558864470,"Ketumbar Bubuk 50g V5",Bungkus,2026-05-10 06:50:39.000,2026-05-10 06:50:39.000
8998852981757,"Kunyit Bubuk 50g V5",Bungkus,2026-05-10 06:50:39.000,2026-05-10 06:50:39.000
8993570630239,"Jahe Bubuk 50g V5",Bungkus,2026-05-10 06:50:39.000,2026-05-10 06:50:39.000
8994058698970,"Bawang Putih Bubuk 50g V5",Bungkus,2026-05-10 06:50:39.000,2026-05-10 06:50:39.000
8995635386082,"Bawang Merah Goreng 100g V5",Bungkus,2026-05-10 06:50:39.000,2026-05-10 06:50:39.000
8996224114918,"Kerupuk Udang 250g V5",Bungkus,2026-05-10 06:50:39.000,2026-05-10 06:50:39.000
8995529715707,"Emping Melinjo 200g V5",Bungkus,2026-05-10 06:50:39.000,2026-05-10 06:50:39.000
8998104016251,"Kacang Tanah 500g V5",Bungkus,2026-05-10 06:50:39.000,2026-05-10 06:50:39.000
8995087809283,"Kacang Hijau 500g V5",Bungkus,2026-05-10 06:50:39.000,2026-05-10 06:50:39.000
8993375980713,"Kacang Kedelai 500g V5",Bungkus,2026-05-10 06:50:39.000,2026-05-10 06:50:39.000
8994678265194,"Beras Merah 1kg V5",Karung,2026-05-10 06:50:39.000,2026-05-10 06:50:39.000
8995466576560,"Beras Ketan 1kg V5",Karung,2026-05-10 06:50:39.000,2026-05-10 06:50:39.000
8997012485593,"Gula Merah 500g V5",Bungkus,2026-05-10 06:50:39.000,2026-05-10 06:50:39.000
8999289130152,"Santang Cair 200ml V5",Bungkus,2026-05-10 06:50:39.000,2026-05-10 06:50:39.000
8992246806817,"Sirup Cocopandan 460ml V5",Botol,2026-05-10 06:50:39.000,2026-05-10 06:50:39.000
8997800223017,"Air Mineral 600ml V5",Botol,2026-05-10 06:50:39.000,2026-05-10 06:50:39.000
8996713187096,"Minuman Isotonik 500ml V5",Botol,2026-05-10 06:50:39.000,2026-05-10 06:50:39.000
8996285107195,"Teh Botol 350ml V5",Botol,2026-05-10 06:50:39.000,2026-05-10 06:50:39.000
8999675675397,"Kopi Susu Botol 250ml V5",Botol,2026-05-10 06:50:39.000,2026-05-10 06:50:39.000
8992098549368,"Jus Jeruk 1L V5",Botol,2026-05-10 06:50:39.000,2026-05-10 06:50:39.000
8995671201042,"Susu UHT Full Cream 1L V5",Botol,2026-05-10 06:50:39.000,2026-05-10 06:50:39.000
8995717596903,"Susu UHT Coklat 1L V5",Botol,2026-05-10 06:50:39.000,2026-05-10 06:50:39.000
8995238122582,"Yogurt Drink 250ml V5",Bungkus,2026-05-10 06:50:39.000,2026-05-10 06:50:39.000
8999689095563,"Beras Premium 5kg V6",Karung,2026-05-10 06:50:39.000,2026-05-10 06:50:39.000
8990234961128,"Minyak Goreng 1L V6",Bungkus,2026-05-10 06:50:39.000,2026-05-10 06:50:39.000
8997168346519,"Gula Pasir 1kg V6",Bungkus,2026-05-10 06:50:39.000,2026-05-10 06:50:39.000
8995345771925,"Tepung Terigu 1kg V6",Bungkus,2026-05-10 06:50:39.000,2026-05-10 06:50:39.000
8990959247668,"Garam Dapur 250g V6",Bungkus,2026-05-10 06:50:39.000,2026-05-10 06:50:39.000
8997470321150,"Kecap Manis 520ml V6",Botol,2026-05-10 06:50:39.000,2026-05-10 06:50:39.000
8997618391656,"Saus Sambal 340ml V6",Botol,2026-05-10 06:50:39.000,2026-05-10 06:50:39.000
8998205687374,"Susu Kental Manis 370g V6",Bungkus,2026-05-10 06:50:39.000,2026-05-10 06:50:39.000
8999044718458,"Kopi Hitam 165g V6",Bungkus,2026-05-10 06:50:39.000,2026-05-10 06:50:39.000
8992136257118,"Teh Celup 25s V6",Pack,2026-05-10 06:50:39.000,2026-05-10 06:50:39.000
8991050179056,"Indomie Goreng V6",Bungkus,2026-05-10 06:50:39.000,2026-05-10 06:50:39.000
8990816428971,"Indomie Kuah Ayam Bawang V6",Bungkus,2026-05-10 06:50:39.000,2026-05-10 06:50:39.000
8992770035295,"Bumbu Racik Nasi Goreng V6",Bungkus,2026-05-10 06:50:39.000,2026-05-10 06:50:39.000
8998628322845,"Kaldu Sapi 100g V6",Bungkus,2026-05-10 06:50:39.000,2026-05-10 06:50:39.000
8991427471950,"Margarin 200g V6",Bungkus,2026-05-10 06:50:39.000,2026-05-10 06:50:39.000
8999375566742,"Keju Cheddar 165g V6",Bungkus,2026-05-10 06:50:39.000,2026-05-10 06:50:39.000
8991426029565,"Roti Tawar V6",Pcs,2026-05-10 06:50:39.000,2026-05-10 06:50:39.000
8991280906323,"Selai Kacang 250g V6",Bungkus,2026-05-10 06:50:39.000,2026-05-10 06:50:39.000
8995234562351,"Madu Murni 350ml V6",Botol,2026-05-10 06:50:39.000,2026-05-10 06:50:39.000
8990174247917,"Sarden Pedas 425g V6",Bungkus,2026-05-10 06:50:39.000,2026-05-10 06:50:39.000
8990895028963,"Kornet Sapi 340g V6",Bungkus,2026-05-10 06:50:39.000,2026-05-10 06:50:39.000
8997925307807,"Mie Telur 200g V6",Bungkus,2026-05-10 06:50:39.000,2026-05-10 06:50:39.000
8999207290579,"Bihun Jagung 320g V6",Bungkus,2026-05-10 06:50:39.000,2026-05-10 06:50:39.000
8993433511583,"Kecap Asin 150ml V6",Botol,2026-05-10 06:50:39.000,2026-05-10 06:50:39.000
8992831838513,"Saus Tiram 270ml V6",Botol,2026-05-10 06:50:39.000,2026-05-10 06:50:39.000
8999346969367,"Minyak Wijen 115ml V6",Botol,2026-05-10 06:50:39.000,2026-05-10 06:50:39.000
8996671759908,"Lada Bubuk 50g V6",Bungkus,2026-05-10 06:50:39.000,2026-05-10 06:50:39.000
8991334195338,"Ketumbar Bubuk 50g V6",Bungkus,2026-05-10 06:50:39.000,2026-05-10 06:50:39.000
8998395544709,"Kunyit Bubuk 50g V6",Bungkus,2026-05-10 06:50:39.000,2026-05-10 06:50:39.000
8993474331218,"Jahe Bubuk 50g V6",Bungkus,2026-05-10 06:50:39.000,2026-05-10 06:50:39.000
8998220722258,"Bawang Putih Bubuk 50g V6",Bungkus,2026-05-10 06:50:39.000,2026-05-10 06:50:39.000
8998633587680,"Bawang Merah Goreng 100g V6",Bungkus,2026-05-10 06:50:39.000,2026-05-10 06:50:39.000
8999497638570,"Kerupuk Udang 250g V6",Bungkus,2026-05-10 06:50:39.000,2026-05-10 06:50:39.000
8996963902982,"Emping Melinjo 200g V6",Bungkus,2026-05-10 06:50:39.000,2026-05-10 06:50:39.000
8990634292648,"Kacang Tanah 500g V6",Bungkus,2026-05-10 06:50:39.000,2026-05-10 06:50:39.000
8999125806951,"Kacang Hijau 500g V6",Bungkus,2026-05-10 06:50:39.000,2026-05-10 06:50:39.000
8991233319286,"Kacang Kedelai 500g V6",Bungkus,2026-05-10 06:50:39.000,2026-05-10 06:50:39.000
8998016110689,"Beras Merah 1kg V6",Karung,2026-05-10 06:50:39.000,2026-05-10 06:50:39.000
8993763280357,"Beras Ketan 1kg V6",Karung,2026-05-10 06:50:39.000,2026-05-10 06:50:39.000
8991969013489,"Gula Merah 500g V6",Bungkus,2026-05-10 06:50:39.000,2026-05-10 06:50:39.000
8996476597828,"Santang Cair 200ml V6",Bungkus,2026-05-10 06:50:39.000,2026-05-10 06:50:39.000
8992274512827,"Sirup Cocopandan 460ml V6",Botol,2026-05-10 06:50:39.000,2026-05-10 06:50:39.000
8999979168144,"Air Mineral 600ml V6",Botol,2026-05-10 06:50:39.000,2026-05-10 06:50:39.000
8995931344601,"Minuman Isotonik 500ml V6",Botol,2026-05-10 06:50:39.000,2026-05-10 06:50:39.000
8998503028909,"Teh Botol 350ml V6",Botol,2026-05-10 06:50:39.000,2026-05-10 06:50:39.000
8999823367020,"Kopi Susu Botol 250ml V6",Botol,2026-05-10 06:50:39.000,2026-05-10 06:50:39.000
8996237434843,"Jus Jeruk 1L V6",Botol,2026-05-10 06:50:39.000,2026-05-10 06:50:39.000
8993051692398,"Susu UHT Full Cream 1L V6",Botol,2026-05-10 06:50:39.000,2026-05-10 06:50:39.000
8992676246788,"Susu UHT Coklat 1L V6",Botol,2026-05-10 06:50:39.000,2026-05-10 06:50:39.000
8991676409872,"Yogurt Drink 250ml V6",Bungkus,2026-05-10 06:50:39.000,2026-05-10 06:50:39.000
8994851934428,"Beras Premium 5kg V7",Karung,2026-05-10 06:50:39.000,2026-05-10 06:50:39.000
8997082920888,"Minyak Goreng 1L V7",Bungkus,2026-05-10 06:50:39.000,2026-05-10 06:50:39.000
8996042551094,"Gula Pasir 1kg V7",Bungkus,2026-05-10 06:50:39.000,2026-05-10 06:50:39.000
8997762337852,"Tepung Terigu 1kg V7",Bungkus,2026-05-10 06:50:39.000,2026-05-10 06:50:39.000
8998905564333,"Garam Dapur 250g V7",Bungkus,2026-05-10 06:50:39.000,2026-05-10 06:50:39.000
8990428479835,"Kecap Manis 520ml V7",Botol,2026-05-10 06:50:39.000,2026-05-10 06:50:39.000
8995025545679,"Saus Sambal 340ml V7",Botol,2026-05-10 06:50:39.000,2026-05-10 06:50:39.000
8996239364636,"Susu Kental Manis 370g V7",Bungkus,2026-05-10 06:50:39.000,2026-05-10 06:50:39.000
8992581553087,"Kopi Hitam 165g V7",Bungkus,2026-05-10 06:50:39.000,2026-05-10 06:50:39.000
8990583713225,"Teh Celup 25s V7",Pack,2026-05-10 06:50:39.000,2026-05-10 06:50:39.000
8997891164060,"Indomie Goreng V7",Bungkus,2026-05-10 06:50:39.000,2026-05-10 06:50:39.000
8996646336943,"Indomie Kuah Ayam Bawang V7",Bungkus,2026-05-10 06:50:39.000,2026-05-10 06:50:39.000
8993339002154,"Bumbu Racik Nasi Goreng V7",Bungkus,2026-05-10 06:50:39.000,2026-05-10 06:50:39.000
8996170691334,"Kaldu Sapi 100g V7",Bungkus,2026-05-10 06:50:39.000,2026-05-10 06:50:39.000
8995463931485,"Margarin 200g V7",Bungkus,2026-05-10 06:50:39.000,2026-05-10 06:50:39.000
8994248241696,"Keju Cheddar 165g V7",Bungkus,2026-05-10 06:50:39.000,2026-05-10 06:50:39.000
8992293911885,"Roti Tawar V7",Pcs,2026-05-10 06:50:39.000,2026-05-10 06:50:39.000
8995872924917,"Selai Kacang 250g V7",Bungkus,2026-05-10 06:50:39.000,2026-05-10 06:50:39.000
8999631417214,"Madu Murni 350ml V7",Botol,2026-05-10 06:50:39.000,2026-05-10 06:50:39.000
8994999881004,"Sarden Pedas 425g V7",Bungkus,2026-05-10 06:50:39.000,2026-05-10 06:50:39.000
8992652464472,"Kornet Sapi 340g V7",Bungkus,2026-05-10 06:50:39.000,2026-05-10 06:50:39.000
8990884242523,"Mie Telur 200g V7",Bungkus,2026-05-10 06:50:39.000,2026-05-10 06:50:39.000
8992384520064,"Bihun Jagung 320g V7",Bungkus,2026-05-10 06:50:39.000,2026-05-10 06:50:39.000
8998454169331,"Kecap Asin 150ml V7",Botol,2026-05-10 06:50:39.000,2026-05-10 06:50:39.000
8995743867077,"Saus Tiram 270ml V7",Botol,2026-05-10 06:50:39.000,2026-05-10 06:50:39.000
8993945516151,"Minyak Wijen 115ml V7",Botol,2026-05-10 06:50:39.000,2026-05-10 06:50:39.000
8991325695175,"Lada Bubuk 50g V7",Bungkus,2026-05-10 06:50:39.000,2026-05-10 06:50:39.000
8996615606756,"Ketumbar Bubuk 50g V7",Bungkus,2026-05-10 06:50:39.000,2026-05-10 06:50:39.000
8990704693467,"Kunyit Bubuk 50g V7",Bungkus,2026-05-10 06:50:39.000,2026-05-10 06:50:39.000
8993271562136,"Jahe Bubuk 50g V7",Bungkus,2026-05-10 06:50:39.000,2026-05-10 06:50:39.000
8992760430093,"Bawang Putih Bubuk 50g V7",Bungkus,2026-05-10 06:50:39.000,2026-05-10 06:50:39.000
8992171530443,"Bawang Merah Goreng 100g V7",Bungkus,2026-05-10 06:50:39.000,2026-05-10 06:50:39.000
8990114307053,"Kerupuk Udang 250g V7",Bungkus,2026-05-10 06:50:39.000,2026-05-10 06:50:39.000
8994997901148,"Emping Melinjo 200g V7",Bungkus,2026-05-10 06:50:39.000,2026-05-10 06:50:39.000
8994887883660,"Kacang Tanah 500g V7",Bungkus,2026-05-10 06:50:39.000,2026-05-10 06:50:39.000
8993846576407,"Kacang Hijau 500g V7",Bungkus,2026-05-10 06:50:39.000,2026-05-10 06:50:39.000
8991731193265,"Kacang Kedelai 500g V7",Bungkus,2026-05-10 06:50:39.000,2026-05-10 06:50:39.000
8999916210677,"Beras Merah 1kg V7",Karung,2026-05-10 06:50:39.000,2026-05-10 06:50:39.000
8990172479266,"Beras Ketan 1kg V7",Karung,2026-05-10 06:50:39.000,2026-05-10 06:50:39.000
8994423786295,"Gula Merah 500g V7",Bungkus,2026-05-10 06:50:39.000,2026-05-10 06:50:39.000
8992723514440,"Santang Cair 200ml V7",Bungkus,2026-05-10 06:50:39.000,2026-05-10 06:50:39.000
8990300005695,"Sirup Cocopandan 460ml V7",Botol,2026-05-10 06:50:39.000,2026-05-10 06:50:39.000
8997328757377,"Air Mineral 600ml V7",Botol,2026-05-10 06:50:39.000,2026-05-10 06:50:39.000
8993125804719,"Minuman Isotonik 500ml V7",Botol,2026-05-10 06:50:39.000,2026-05-10 06:50:39.000
8990169540559,"Teh Botol 350ml V7",Botol,2026-05-10 06:50:39.000,2026-05-10 06:50:39.000
8992342281921,"Kopi Susu Botol 250ml V7",Botol,2026-05-10 06:50:39.000,2026-05-10 06:50:39.000
8996233325855,"Jus Jeruk 1L V7",Botol,2026-05-10 06:50:39.000,2026-05-10 06:50:39.000
8998545193726,"Susu UHT Full Cream 1L V7",Botol,2026-05-10 06:50:39.000,2026-05-10 06:50:39.000
8992324714164,"Susu UHT Coklat 1L V7",Botol,2026-05-10 06:50:39.000,2026-05-10 06:50:39.000
8995411022289,"Yogurt Drink 250ml V7",Bungkus,2026-05-10 06:50:39.000,2026-05-10 06:50:39.000
8993636635116,"Beras Premium 5kg V8",Karung,2026-05-10 06:50:39.000,2026-05-10 06:50:39.000
8996603055597,"Minyak Goreng 1L V8",Bungkus,2026-05-10 06:50:39.000,2026-05-10 06:50:39.000
8991953436997,"Gula Pasir 1kg V8",Bungkus,2026-05-10 06:50:39.000,2026-05-10 06:50:39.000
8992733935549,"Tepung Terigu 1kg V8",Bungkus,2026-05-10 06:50:39.000,2026-05-10 06:50:39.000
8999045270870,"Garam Dapur 250g V8",Bungkus,2026-05-10 06:50:39.000,2026-05-10 06:50:39.000
8995732963520,"Kecap Manis 520ml V8",Botol,2026-05-10 06:50:39.000,2026-05-10 06:50:39.000
8996162011171,"Saus Sambal 340ml V8",Botol,2026-05-10 06:50:39.000,2026-05-10 06:50:39.000
8994262711083,"Susu Kental Manis 370g V8",Bungkus,2026-05-10 06:50:39.000,2026-05-10 06:50:39.000
8993378289134,"Kopi Hitam 165g V8",Bungkus,2026-05-10 06:50:39.000,2026-05-10 06:50:39.000
8994505092313,"Teh Celup 25s V8",Pack,2026-05-10 06:50:39.000,2026-05-10 06:50:39.000
8998269381867,"Indomie Goreng V8",Bungkus,2026-05-10 06:50:39.000,2026-05-10 06:50:39.000
8991106783503,"Indomie Kuah Ayam Bawang V8",Bungkus,2026-05-10 06:50:39.000,2026-05-10 06:50:39.000
8998104435199,"Bumbu Racik Nasi Goreng V8",Bungkus,2026-05-10 06:50:39.000,2026-05-10 06:50:39.000
8998000166975,"Kaldu Sapi 100g V8",Bungkus,2026-05-10 06:50:39.000,2026-05-10 06:50:39.000
8990740663028,"Margarin 200g V8",Bungkus,2026-05-10 06:50:39.000,2026-05-10 06:50:39.000
8997989387463,"Keju Cheddar 165g V8",Bungkus,2026-05-10 06:50:39.000,2026-05-10 06:50:39.000
8996773499252,"Roti Tawar V8",Pcs,2026-05-10 06:50:39.000,2026-05-10 06:50:39.000
8993349467325,"Selai Kacang 250g V8",Bungkus,2026-05-10 06:50:39.000,2026-05-10 06:50:39.000
8994101495068,"Madu Murni 350ml V8",Botol,2026-05-10 06:50:39.000,2026-05-10 06:50:39.000
8995449215592,"Sarden Pedas 425g V8",Bungkus,2026-05-10 06:50:39.000,2026-05-10 06:50:39.000
8993977542852,"Kornet Sapi 340g V8",Bungkus,2026-05-10 06:50:39.000,2026-05-10 06:50:39.000
8991683397346,"Mie Telur 200g V8",Bungkus,2026-05-10 06:50:39.000,2026-05-10 06:50:39.000
8996036682506,"Bihun Jagung 320g V8",Bungkus,2026-05-10 06:50:39.000,2026-05-10 06:50:39.000
8994505868444,"Kecap Asin 150ml V8",Botol,2026-05-10 06:50:39.000,2026-05-10 06:50:39.000
8999990695858,"Saus Tiram 270ml V8",Botol,2026-05-10 06:50:39.000,2026-05-10 06:50:39.000
8990010079610,"Minyak Wijen 115ml V8",Botol,2026-05-10 06:50:39.000,2026-05-10 06:50:39.000
8999681258072,"Lada Bubuk 50g V8",Bungkus,2026-05-10 06:50:39.000,2026-05-10 06:50:39.000
8992272722358,"Ketumbar Bubuk 50g V8",Bungkus,2026-05-10 06:50:39.000,2026-05-10 06:50:39.000
8991969794777,"Kunyit Bubuk 50g V8",Bungkus,2026-05-10 06:50:39.000,2026-05-10 06:50:39.000
8992529575843,"Jahe Bubuk 50g V8",Bungkus,2026-05-10 06:50:39.000,2026-05-10 06:50:39.000
8991550981067,"Bawang Putih Bubuk 50g V8",Bungkus,2026-05-10 06:50:39.000,2026-05-10 06:50:39.000
8991592599060,"Bawang Merah Goreng 100g V8",Bungkus,2026-05-10 06:50:39.000,2026-05-10 06:50:39.000
8990721469434,"Kerupuk Udang 250g V8",Bungkus,2026-05-10 06:50:39.000,2026-05-10 06:50:39.000
8990591039270,"Emping Melinjo 200g V8",Bungkus,2026-05-10 06:50:39.000,2026-05-10 06:50:39.000
8993558891645,"Kacang Tanah 500g V8",Bungkus,2026-05-10 06:50:39.000,2026-05-10 06:50:39.000
8992351056725,"Kacang Hijau 500g V8",Bungkus,2026-05-10 06:50:39.000,2026-05-10 06:50:39.000
8998040628785,"Kacang Kedelai 500g V8",Bungkus,2026-05-10 06:50:39.000,2026-05-10 06:50:39.000
8991834085078,"Beras Merah 1kg V8",Karung,2026-05-10 06:50:39.000,2026-05-10 06:50:39.000
8999049745435,"Beras Ketan 1kg V8",Karung,2026-05-10 06:50:39.000,2026-05-10 06:50:39.000
8995674461245,"Gula Merah 500g V8",Bungkus,2026-05-10 06:50:39.000,2026-05-10 06:50:39.000
8999919249247,"Santang Cair 200ml V8",Bungkus,2026-05-10 06:50:39.000,2026-05-10 06:50:39.000
8997241428859,"Sirup Cocopandan 460ml V8",Botol,2026-05-10 06:50:39.000,2026-05-10 06:50:39.000
8997941134999,"Air Mineral 600ml V8",Botol,2026-05-10 06:50:39.000,2026-05-10 06:50:39.000
8995807430346,"Minuman Isotonik 500ml V8",Botol,2026-05-10 06:50:39.000,2026-05-10 06:50:39.000
8993939633512,"Teh Botol 350ml V8",Botol,2026-05-10 06:50:39.000,2026-05-10 06:50:39.000
8990606880545,"Kopi Susu Botol 250ml V8",Botol,2026-05-10 06:50:39.000,2026-05-10 06:50:39.000
8999124651620,"Jus Jeruk 1L V8",Botol,2026-05-10 06:50:39.000,2026-05-10 06:50:39.000
8993815590045,"Susu UHT Full Cream 1L V8",Botol,2026-05-10 06:50:39.000,2026-05-10 06:50:39.000
8993705715206,"Susu UHT Coklat 1L V8",Botol,2026-05-10 06:50:39.000,2026-05-10 06:50:39.000
8998086958334,"Yogurt Drink 250ml V8",Bungkus,2026-05-10 06:50:39.000,2026-05-10 06:50:39.000
8993193748076,"Beras Premium 5kg V9",Karung,2026-05-10 06:50:39.000,2026-05-10 06:50:39.000
8998763745400,"Minyak Goreng 1L V9",Bungkus,2026-05-10 06:50:39.000,2026-05-10 06:50:39.000
8994348470606,"Gula Pasir 1kg V9",Bungkus,2026-05-10 06:50:39.000,2026-05-10 06:50:39.000
8999026395561,"Tepung Terigu 1kg V9",Bungkus,2026-05-10 06:50:39.000,2026-05-10 06:50:39.000
8994277523893,"Garam Dapur 250g V9",Bungkus,2026-05-10 06:50:39.000,2026-05-10 06:50:39.000
8997613042898,"Kecap Manis 520ml V9",Botol,2026-05-10 06:50:39.000,2026-05-10 06:50:39.000
8994674310300,"Saus Sambal 340ml V9",Botol,2026-05-10 06:50:39.000,2026-05-10 06:50:39.000
8998931914195,"Susu Kental Manis 370g V9",Bungkus,2026-05-10 06:50:39.000,2026-05-10 06:50:39.000
8993728547297,"Kopi Hitam 165g V9",Bungkus,2026-05-10 06:50:39.000,2026-05-10 06:50:39.000
8993812938574,"Teh Celup 25s V9",Pack,2026-05-10 06:50:39.000,2026-05-10 06:50:39.000
8992691218364,"Indomie Goreng V9",Bungkus,2026-05-10 06:50:39.000,2026-05-10 06:50:39.000
8999835357958,"Indomie Kuah Ayam Bawang V9",Bungkus,2026-05-10 06:50:39.000,2026-05-10 06:50:39.000
8992822122386,"Bumbu Racik Nasi Goreng V9",Bungkus,2026-05-10 06:50:39.000,2026-05-10 06:50:39.000
8990894633342,"Kaldu Sapi 100g V9",Bungkus,2026-05-10 06:50:39.000,2026-05-10 06:50:39.000
8997523075740,"Margarin 200g V9",Bungkus,2026-05-10 06:50:39.000,2026-05-10 06:50:39.000
8997338362370,"Keju Cheddar 165g V9",Bungkus,2026-05-10 06:50:39.000,2026-05-10 06:50:39.000
8999696727358,"Roti Tawar V9",Pcs,2026-05-10 06:50:39.000,2026-05-10 06:50:39.000
8991462641783,"Selai Kacang 250g V9",Bungkus,2026-05-10 06:50:39.000,2026-05-10 06:50:39.000
8999514389607,"Madu Murni 350ml V9",Botol,2026-05-10 06:50:39.000,2026-05-10 06:50:39.000
8992984693205,"Sarden Pedas 425g V9",Bungkus,2026-05-10 06:50:39.000,2026-05-10 06:50:39.000
8998698687929,"Kornet Sapi 340g V9",Bungkus,2026-05-10 06:50:39.000,2026-05-10 06:50:39.000
8997823160115,"Mie Telur 200g V9",Bungkus,2026-05-10 06:50:39.000,2026-05-10 06:50:39.000
8993304004084,"Bihun Jagung 320g V9",Bungkus,2026-05-10 06:50:39.000,2026-05-10 06:50:39.000
8996157037285,"Kecap Asin 150ml V9",Botol,2026-05-10 06:50:39.000,2026-05-10 06:50:39.000
8994744205956,"Saus Tiram 270ml V9",Botol,2026-05-10 06:50:39.000,2026-05-10 06:50:39.000
8994957505188,"Minyak Wijen 115ml V9",Botol,2026-05-10 06:50:39.000,2026-05-10 06:50:39.000
8996303343949,"Lada Bubuk 50g V9",Bungkus,2026-05-10 06:50:39.000,2026-05-10 06:50:39.000
8997390510788,"Ketumbar Bubuk 50g V9",Bungkus,2026-05-10 06:50:39.000,2026-05-10 06:50:39.000
8994394442626,"Kunyit Bubuk 50g V9",Bungkus,2026-05-10 06:50:39.000,2026-05-10 06:50:39.000
8996283646696,"Jahe Bubuk 50g V9",Bungkus,2026-05-10 06:50:39.000,2026-05-10 06:50:39.000
8992553248270,"Bawang Putih Bubuk 50g V9",Bungkus,2026-05-10 06:50:39.000,2026-05-10 06:50:39.000
8995682204629,"Bawang Merah Goreng 100g V9",Bungkus,2026-05-10 06:50:39.000,2026-05-10 06:50:39.000
8997639701823,"Kerupuk Udang 250g V9",Bungkus,2026-05-10 06:50:39.000,2026-05-10 06:50:39.000
8992412376144,"Emping Melinjo 200g V9",Bungkus,2026-05-10 06:50:39.000,2026-05-10 06:50:39.000
8995225871509,"Kacang Tanah 500g V9",Bungkus,2026-05-10 06:50:39.000,2026-05-10 06:50:39.000
8995771696083,"Kacang Hijau 500g V9",Bungkus,2026-05-10 06:50:39.000,2026-05-10 06:50:39.000
8995135940357,"Kacang Kedelai 500g V9",Bungkus,2026-05-10 06:50:39.000,2026-05-10 06:50:39.000
8998547929194,"Beras Merah 1kg V9",Karung,2026-05-10 06:50:39.000,2026-05-10 06:50:39.000
8990733950975,"Beras Ketan 1kg V9",Karung,2026-05-10 06:50:39.000,2026-05-10 06:50:39.000
8991269236205,"Gula Merah 500g V9",Bungkus,2026-05-10 06:50:39.000,2026-05-10 06:50:39.000
8997131128913,"Santang Cair 200ml V9",Bungkus,2026-05-10 06:50:39.000,2026-05-10 06:50:39.000
8995895737556,"Sirup Cocopandan 460ml V9",Botol,2026-05-10 06:50:39.000,2026-05-10 06:50:39.000
8997960291505,"Air Mineral 600ml V9",Botol,2026-05-10 06:50:39.000,2026-05-10 06:50:39.000
8992455116448,"Minuman Isotonik 500ml V9",Botol,2026-05-10 06:50:39.000,2026-05-10 06:50:39.000
8991701096367,"Teh Botol 350ml V9",Botol,2026-05-10 06:50:39.000,2026-05-10 06:50:39.000
8999497998971,"Kopi Susu Botol 250ml V9",Botol,2026-05-10 06:50:39.000,2026-05-10 06:50:39.000
8992039012739,"Jus Jeruk 1L V9",Botol,2026-05-10 06:50:39.000,2026-05-10 06:50:39.000
8993373500197,"Susu UHT Full Cream 1L V9",Botol,2026-05-10 06:50:39.000,2026-05-10 06:50:39.000
8996435218665,"Susu UHT Coklat 1L V9",Botol,2026-05-10 06:50:39.000,2026-05-10 06:50:39.000
8995340671848,"Yogurt Drink 250ml V9",Bungkus,2026-05-10 06:50:39.000,2026-05-10 06:50:39.000
